eps,kernel_len,approx_err
2.0,41,0.07339141517877579
1.0,21,0.06757614761590958
0.5,11,0.06214192509651184
0.2,5,0.05406012386083603
0.1,3,0.046222660690546036
